{
    "avg_cumulative_reward": -2.1441838889835427,
    "precision": {
        "1": 0.6819999999999999,
        "5": 0.6728000000000002,
        "10": 0.6255999999999999
    },
    "recall": {
        "1": 0.00028710699764738167,
        "5": 0.0014159439106185662,
        "10": 0.0026232299243756307
    },
    "ndcg": {
        "1": 0.8396495539862444,
        "5": 0.24348632496404563,
        "10": 0.9656953964207609
    },
    "map": {
        "1": 0.6819999999999999,
        "5": 0.54952,
        "10": 0.4749199206349205
    }
}