{
    "avg_cumulative_reward": -1.7926491641061557,
    "precision": {
        "1": 0.624,
        "5": 0.65,
        "10": 0.6504000000000001
    },
    "recall": {
        "1": 0.00026115563900419835,
        "5": 0.0013590591293653942,
        "10": 0.002714150558528852
    },
    "ndcg": {
        "1": 0.6127024971271772,
        "5": -2.379833709519242,
        "10": 1.6326480078298662
    },
    "map": {
        "1": 0.624,
        "5": 0.5122133333333333,
        "10": 0.4851076190476191
    }
}