{
    "avg_cumulative_reward": -1.7751142161359195,
    "precision": {
        "1": 0.714,
        "5": 0.6684,
        "10": 0.6192
    },
    "recall": {
        "1": 0.00029997286885324843,
        "5": 0.001400251978912537,
        "10": 0.002587562976082885
    },
    "ndcg": {
        "1": 0.7138319864184315,
        "5": -0.5563910378840794,
        "10": 0.6964369970447261
    },
    "map": {
        "1": 0.714,
        "5": 0.5652466666666667,
        "10": 0.47822111111111104
    }
}