{
    "avg_cumulative_reward": -0.9828191846466303,
    "precision": {
        "1": 0.7979999999999999,
        "5": 0.7487999999999999,
        "10": 0.7216
    },
    "recall": {
        "1": 0.00033098816968875534,
        "5": 0.0015560117162299672,
        "10": 0.0030130442340513524
    },
    "ndcg": {
        "1": 0.005015861619215133,
        "5": 0.09963779748728559,
        "10": -5.913859978569841
    },
    "map": {
        "1": 0.7979999999999999,
        "5": 0.6645866666666665,
        "10": 0.5997775396825397
    }
}