{
    "avg_cumulative_reward": -1.3428279371417526,
    "precision": {
        "1": 0.6819999999999999,
        "5": 0.6052,
        "10": 0.5522
    },
    "recall": {
        "1": 0.0002878442704406671,
        "5": 0.0012732040547079055,
        "10": 0.0023260919167065854
    },
    "ndcg": {
        "1": 0.17552933275207944,
        "5": 0.17520915676750304,
        "10": -0.794277025106812
    },
    "map": {
        "1": 0.6819999999999999,
        "5": 0.4951066666666668,
        "10": 0.4043663492063492
    }
}