{
    "avg_cumulative_reward": -2.3880924904625322,
    "precision": {
        "1": 0.6659999999999999,
        "5": 0.6027999999999999,
        "10": 0.6325999999999999
    },
    "recall": {
        "1": 0.0002803516360615347,
        "5": 0.0012697461064042946,
        "10": 0.0026578289155458836
    },
    "ndcg": {
        "1": -6.5447259191545095,
        "5": -3.13534906014938,
        "10": 0.10369571883309811
    },
    "map": {
        "1": 0.6659999999999999,
        "5": 0.48662000000000005,
        "10": 0.4637292857142857
    }
}