{
    "avg_cumulative_reward": -1.226326323853372,
    "precision": {
        "1": 0.738,
        "5": 0.7788,
        "10": 0.7533999999999998
    },
    "recall": {
        "1": 0.0003070825307893009,
        "5": 0.0016241347124625208,
        "10": 0.003146630994308728
    },
    "ndcg": {
        "1": -0.018890374770783612,
        "5": 4.109066598536524,
        "10": -0.22372031574724727
    },
    "map": {
        "1": 0.738,
        "5": 0.6902200000000001,
        "10": 0.6369309523809523
    }
}